Country,iso3c,Year,GPI
Afghanistan,AFG,2008,3.095
Albania,ALB,2008,1.806
Algeria,DZA,2008,2.306
Angola,AGO,2008,2.062
Argentina,ARG,2008,1.818
Armenia,ARM,2008,2.196
Australia,AUS,2008,1.349
Austria,AUT,2008,1.347
Azerbaijan,AZE,2008,2.283
Bahrain,BHR,2008,1.869
Bangladesh,BGD,2008,2.039
Belarus,BLR,2008,2.127
Belgium,BEL,2008,1.468
Benin,BEN,2008,2.093
Bhutan,BTN,2008,1.883
Bolivia,BOL,2008,1.931
Bosnia and Herz.,BIH,2008,1.736
Botswana,BWA,2008,1.833
Brazil,BRA,2008,2.022
Bulgaria,BGR,2008,1.667
Burkina Faso,BFA,2008,1.858
Burundi,BDI,2008,2.437
Cambodia,KHM,2008,1.994
Cameroon,CMR,2008,1.97
Canada,CAN,2008,1.409
Central African Rep.,CAF,2008,2.81
Chad,TCD,2008,2.785
Chile,CHL,2008,1.691
China,CHN,2008,2.169
Colombia,COL,2008,2.797
Costa Rica,CRI,2008,1.632
Côte d'Ivoire,CIV,2008,2.388
Croatia,HRV,2008,1.667
Cuba,CUB,2008,2.023
Cyprus,CYP,2008,1.712
Czechia,CZE,2008,1.461
Dem. Rep. Congo,COD,2008,2.825
Denmark,DNK,2008,1.286
Djibouti,DJI,2008,1.966
Dominican Rep.,DOM,2008,1.989
Ecuador,ECU,2008,2.159
Egypt,EGY,2008,2.041
El Salvador,SLV,2008,2.016
Eq. Guinea,GNQ,2008,1.884
Eritrea,ERI,2008,2.475
Estonia,EST,2008,1.689
eSwatini,SWZ,2008,1.939
Ethiopia,ETH,2008,2.409
Finland,FIN,2008,1.369
France,FRA,2008,1.76
Gabon,GAB,2008,1.958
Georgia,GEO,2008,2.655
Germany,DEU,2008,1.564
Ghana,GHA,2008,1.718
Greece,GRC,2008,1.957
Guatemala,GTM,2008,2.176
Guinea,GIN,2008,2.244
Guinea-Bissau,GNB,2008,2.348
Guyana,GUY,2008,2.038
Haiti,HTI,2008,2.14
Honduras,HND,2008,2.178
Hungary,HUN,2008,1.398
Iceland,ISL,2008,1.139
India,IND,2008,2.402
Indonesia,IDN,2008,1.778
Iran,IRN,2008,2.488
Iraq,IRQ,2008,3.51
Ireland,IRL,2008,1.397
Israel,ISR,2008,2.892
Italy,ITA,2008,1.635
Jamaica,JAM,2008,1.981
Japan,JPN,2008,1.405
Jordan,JOR,2008,1.921
Kazakhstan,KAZ,2008,2.077
Kenya,KEN,2008,2.425
Kosovo,KSV,2008,1.98
Kuwait,KWT,2008,1.603
Kyrgyzstan,KGZ,2008,2.259
Laos,LAO,2008,1.918
Latvia,LVA,2008,1.595
Lebanon,LBN,2008,2.627
Lesotho,LSO,2008,1.856
Liberia,LBR,2008,1.957
Libya,LBY,2008,2.086
Lithuania,LTU,2008,1.692
Madagascar,MDG,2008,1.772
Malawi,MWI,2008,1.843
Malaysia,MYS,2008,1.691
Mali,MLI,2008,2.216
Mauritania,MRT,2008,2.278
Mauritius,MUS,2008,1.605
Mexico,MEX,2008,2.251
Moldova,MDA,2008,1.966
Mongolia,MNG,2008,2.015
Montenegro,MNE,2008,2.071
Morocco,MAR,2008,2.002
Mozambique,MOZ,2008,1.87
Myanmar,MMR,2008,2.494
Namibia,NAM,2008,2.058
Nepal,NPL,2008,2.114
Netherlands,NLD,2008,1.531
New Zealand,NZL,2008,1.294
Nicaragua,NIC,2008,1.846
Niger,NER,2008,2.013
Nigeria,NGA,2008,2.499
North Korea,PRK,2008,2.887
Macedonia,MKD,2008,1.856
Norway,NOR,2008,1.395
Oman,OMN,2008,1.735
Pakistan,PAK,2008,2.87
Palestine,PSE,2008,0
Panama,PAN,2008,1.815
Papua New Guinea,PNG,2008,1.997
Paraguay,PRY,2008,1.879
Peru,PER,2008,2.027
Philippines,PHL,2008,2.237
Poland,POL,2008,1.576
Portugal,PRT,2008,1.355
Qatar,QAT,2008,1.597
Republic of the Congo,COG,2008,2.147
Romania,ROU,2008,1.574
Russia,RUS,2008,2.919
Rwanda,RWA,2008,1.807
Saudi Arabia,SAU,2008,2.301
Senegal,SEN,2008,2.111
Serbia,SRB,2008,1.929
Sierra Leone,SLE,2008,1.807
Singapore,SGP,2008,1.584
Slovakia,SVK,2008,1.537
Slovenia,SVN,2008,1.348
Somalia,SOM,2008,3.153
South Africa,ZAF,2008,2.221
South Korea,KOR,2008,1.756
S. Sudan,SSD,2008,0
Spain,ESP,2008,1.652
Sri Lanka,LKA,2008,2.47
Sudan,SDN,2008,3.022
Sweden,SWE,2008,1.45
Switzerland,CHE,2008,1.44
Syria,SYR,2008,2.154
Taiwan,TWN,2008,1.795
Tajikistan,TJK,2008,2.203
Tanzania,TZA,2008,1.707
Thailand,THA,2008,2.326
The Gambia,GMB,2008,1.891
Timor-Leste,TLS,2008,1.941
Togo,TGO,2008,2.002
Trinidad and Tobago,TTO,2008,2.082
Tunisia,TUN,2008,1.814
Turkey,TUR,2008,2.45
Turkmenistan,TKM,2008,2.145
Uganda,UGA,2008,2.54
Ukraine,UKR,2008,2.095
United Arab Emirates,ARE,2008,1.699
United Kingdom,GBR,2008,1.837
United States of America,USA,2008,2.236
Uruguay,URY,2008,1.689
Uzbekistan,UZB,2008,2.131
Venezuela,VEN,2008,2.313
Vietnam,VNM,2008,1.832
Yemen,YEM,2008,2.407
Zambia,ZMB,2008,1.843
Zimbabwe,ZWE,2008,2.376
Afghanistan,AFG,2009,3.191
Albania,ALB,2009,1.779
Algeria,DZA,2009,2.333
Angola,AGO,2009,2.066
Argentina,ARG,2009,1.946
Armenia,ARM,2009,2.219
Australia,AUS,2009,1.376
Austria,AUT,2009,1.365
Azerbaijan,AZE,2009,2.32
Bahrain,BHR,2009,1.868
Bangladesh,BGD,2009,2.028
Belarus,BLR,2009,2.137
Belgium,BEL,2009,1.479
Benin,BEN,2009,2.092
Bhutan,BTN,2009,1.892
Bolivia,BOL,2009,2.012
Bosnia and Herz.,BIH,2009,1.783
Botswana,BWA,2009,1.788
Brazil,BRA,2009,2.029
Bulgaria,BGR,2009,1.691
Burkina Faso,BFA,2009,1.774
Burundi,BDI,2009,2.411
Cambodia,KHM,2009,2.105
Cameroon,CMR,2009,2.009
Canada,CAN,2009,1.437
Central African Rep.,CAF,2009,2.703
Chad,TCD,2009,2.843
Chile,CHL,2009,1.688
China,CHN,2009,2.094
Colombia,COL,2009,2.727
Costa Rica,CRI,2009,1.646
Côte d'Ivoire,CIV,2009,2.267
Croatia,HRV,2009,1.687
Cuba,CUB,2009,2.017
Cyprus,CYP,2009,1.72
Czechia,CZE,2009,1.445
Dem. Rep. Congo,COD,2009,2.852
Denmark,DNK,2009,1.285
Djibouti,DJI,2009,1.954
Dominican Rep.,DOM,2009,1.999
Ecuador,ECU,2009,2.189
Egypt,EGY,2009,1.93
El Salvador,SLV,2009,2.1
Eq. Guinea,GNQ,2009,1.808
Eritrea,ERI,2009,2.462
Estonia,EST,2009,1.723
eSwatini,SWZ,2009,1.924
Ethiopia,ETH,2009,2.65
Finland,FIN,2009,1.371
France,FRA,2009,1.787
Gabon,GAB,2009,1.962
Georgia,GEO,2009,2.688
Germany,DEU,2009,1.589
Ghana,GHA,2009,1.767
Greece,GRC,2009,1.948
Guatemala,GTM,2009,2.099
Guinea,GIN,2009,2.261
Guinea-Bissau,GNB,2009,2.342
Guyana,GUY,2009,2.048
Haiti,HTI,2009,2.085
Honduras,HND,2009,2.205
Hungary,HUN,2009,1.503
Iceland,ISL,2009,1.151
India,IND,2009,2.449
Indonesia,IDN,2009,1.75
Iran,IRN,2009,2.389
Iraq,IRQ,2009,3.46
Ireland,IRL,2009,1.453
Israel,ISR,2009,2.883
Italy,ITA,2009,1.71
Jamaica,JAM,2009,1.979
Japan,JPN,2009,1.402
Jordan,JOR,2009,1.872
Kazakhstan,KAZ,2009,2.109
Kenya,KEN,2009,2.509
Kosovo,KSV,2009,1.978
Kuwait,KWT,2009,1.595
Kyrgyzstan,KGZ,2009,2.253
Laos,LAO,2009,1.908
Latvia,LVA,2009,1.688
Lebanon,LBN,2009,2.566
Lesotho,LSO,2009,1.857
Liberia,LBR,2009,1.967
Libya,LBY,2009,2.055
Lithuania,LTU,2009,1.676
Madagascar,MDG,2009,2.035
Malawi,MWI,2009,1.838
Malaysia,MYS,2009,1.686
Mali,MLI,2009,2.232
Mauritania,MRT,2009,2.351
Mauritius,MUS,2009,1.62
Mexico,MEX,2009,2.323
Moldova,MDA,2009,1.949
Mongolia,MNG,2009,1.983
Montenegro,MNE,2009,2.021
Morocco,MAR,2009,1.988
Mozambique,MOZ,2009,1.853
Myanmar,MMR,2009,2.521
Namibia,NAM,2009,2.049
Nepal,NPL,2009,2.052
Netherlands,NLD,2009,1.546
New Zealand,NZL,2009,1.3
Nicaragua,NIC,2009,1.85
Niger,NER,2009,2.091
Nigeria,NGA,2009,2.467
North Korea,PRK,2009,2.886
Macedonia,MKD,2009,1.884
Norway,NOR,2009,1.419
Oman,OMN,2009,1.764
Pakistan,PAK,2009,3.066
Palestine,PSE,2009,0
Panama,PAN,2009,1.768
Papua New Guinea,PNG,2009,1.986
Paraguay,PRY,2009,1.935
Peru,PER,2009,1.995
Philippines,PHL,2009,2.296
Poland,POL,2009,1.585
Portugal,PRT,2009,1.373
Qatar,QAT,2009,1.411
Republic of the Congo,COG,2009,2.074
Romania,ROU,2009,1.599
Russia,RUS,2009,3.001
Rwanda,RWA,2009,1.945
Saudi Arabia,SAU,2009,2.234
Senegal,SEN,2009,2.078
Serbia,SRB,2009,1.95
Sierra Leone,SLE,2009,1.806
Singapore,SGP,2009,1.523
Slovakia,SVK,2009,1.525
Slovenia,SVN,2009,1.347
Somalia,SOM,2009,3.237
South Africa,ZAF,2009,2.39
South Korea,KOR,2009,1.776
S. Sudan,SSD,2009,0
Spain,ESP,2009,1.707
Sri Lanka,LKA,2009,2.56
Sudan,SDN,2009,3.016
Sweden,SWE,2009,1.441
Switzerland,CHE,2009,1.476
Syria,SYR,2009,2.222
Taiwan,TWN,2009,1.852
Tajikistan,TJK,2009,2.209
Tanzania,TZA,2009,1.744
Thailand,THA,2009,2.396
The Gambia,GMB,2009,1.869
Timor-Leste,TLS,2009,1.861
Togo,TGO,2009,1.914
Trinidad and Tobago,TTO,2009,2.021
Tunisia,TUN,2009,1.815
Turkey,TUR,2009,2.515
Turkmenistan,TKM,2009,2.037
Uganda,UGA,2009,2.423
Ukraine,UKR,2009,2.173
United Arab Emirates,ARE,2009,1.627
United Kingdom,GBR,2009,1.782
United States of America,USA,2009,2.312
Uruguay,URY,2009,1.704
Uzbekistan,UZB,2009,2.12
Venezuela,VEN,2009,2.359
Vietnam,VNM,2009,1.846
Yemen,YEM,2009,2.474
Zambia,ZMB,2009,1.834
Zimbabwe,ZWE,2009,2.66
Afghanistan,AFG,2010,3.04
Albania,ALB,2010,1.77
Algeria,DZA,2010,2.333
Angola,AGO,2010,2.006
Argentina,ARG,2010,1.947
Armenia,ARM,2010,2.229
Australia,AUS,2010,1.387
Austria,AUT,2010,1.357
Azerbaijan,AZE,2010,2.342
Bahrain,BHR,2010,1.812
Bangladesh,BGD,2010,2.11
Belarus,BLR,2010,2.144
Belgium,BEL,2010,1.489
Benin,BEN,2010,2.093
Bhutan,BTN,2010,1.947
Bolivia,BOL,2010,2.039
Bosnia and Herz.,BIH,2010,1.792
Botswana,BWA,2010,1.766
Brazil,BRA,2010,2.03
Bulgaria,BGR,2010,1.668
Burkina Faso,BFA,2010,1.712
Burundi,BDI,2010,2.456
Cambodia,KHM,2010,2.121
Cameroon,CMR,2010,2.101
Canada,CAN,2010,1.499
Central African Rep.,CAF,2010,2.611
Chad,TCD,2010,2.908
Chile,CHL,2010,1.721
China,CHN,2010,2.176
Colombia,COL,2010,2.806
Costa Rica,CRI,2010,1.655
Côte d'Ivoire,CIV,2010,2.163
Croatia,HRV,2010,1.623
Cuba,CUB,2010,2.016
Cyprus,CYP,2010,1.906
Czechia,CZE,2010,1.416
Dem. Rep. Congo,COD,2010,2.876
Denmark,DNK,2010,1.352
Djibouti,DJI,2010,2.009
Dominican Rep.,DOM,2010,2.075
Ecuador,ECU,2010,2.189
Egypt,EGY,2010,1.942
El Salvador,SLV,2010,2.127
Eq. Guinea,GNQ,2010,1.844
Eritrea,ERI,2010,2.447
Estonia,EST,2010,1.729
eSwatini,SWZ,2010,1.926
Ethiopia,ETH,2010,2.413
Finland,FIN,2010,1.369
France,FRA,2010,1.794
Gabon,GAB,2010,2.042
Georgia,GEO,2010,2.971
Germany,DEU,2010,1.61
Ghana,GHA,2010,1.832
Greece,GRC,2010,1.991
Guatemala,GTM,2010,2.15
Guinea,GIN,2010,2.326
Guinea-Bissau,GNB,2010,2.334
Guyana,GUY,2010,2.147
Haiti,HTI,2010,2.064
Honduras,HND,2010,2.343
Hungary,HUN,2010,1.481
Iceland,ISL,2010,1.133
India,IND,2010,2.579
Indonesia,IDN,2010,1.723
Iran,IRN,2010,2.465
Iraq,IRQ,2010,3.421
Ireland,IRL,2010,1.437
Israel,ISR,2010,2.886
Italy,ITA,2010,1.722
Jamaica,JAM,2010,1.999
Japan,JPN,2010,1.397
Jordan,JOR,2010,1.886
Kazakhstan,KAZ,2010,2.148
Kenya,KEN,2010,2.551
Kosovo,KSV,2010,1.983
Kuwait,KWT,2010,1.525
Kyrgyzstan,KGZ,2010,2.251
Laos,LAO,2010,1.746
Latvia,LVA,2010,1.666
Lebanon,LBN,2010,2.573
Lesotho,LSO,2010,1.852
Liberia,LBR,2010,2.005
Libya,LBY,2010,2.023
Lithuania,LTU,2010,1.683
Madagascar,MDG,2010,1.98
Malawi,MWI,2010,1.809
Malaysia,MYS,2010,1.657
Mali,MLI,2010,2.313
Mauritania,MRT,2010,2.243
Mauritius,MUS,2010,1.614
Mexico,MEX,2010,2.336
Moldova,MDA,2010,1.981
Mongolia,MNG,2010,1.981
Montenegro,MNE,2010,1.994
Morocco,MAR,2010,1.976
Mozambique,MOZ,2010,1.843
Myanmar,MMR,2010,2.383
Namibia,NAM,2010,2.049
Nepal,NPL,2010,2.104
Netherlands,NLD,2010,1.558
New Zealand,NZL,2010,1.312
Nicaragua,NIC,2010,1.844
Niger,NER,2010,2.117
Nigeria,NGA,2010,2.459
North Korea,PRK,2010,2.935
Macedonia,MKD,2010,1.851
Norway,NOR,2010,1.44
Oman,OMN,2010,1.713
Pakistan,PAK,2010,3.101
Palestine,PSE,2010,0
Panama,PAN,2010,1.881
Papua New Guinea,PNG,2010,1.967
Paraguay,PRY,2010,2.005
Peru,PER,2010,2.061
Philippines,PHL,2010,2.306
Poland,POL,2010,1.649
Portugal,PRT,2010,1.413
Qatar,QAT,2010,1.466
Republic of the Congo,COG,2010,2.1
Romania,ROU,2010,1.655
Russia,RUS,2010,3.054
Rwanda,RWA,2010,1.974
Saudi Arabia,SAU,2010,2.268
Senegal,SEN,2010,2.122
Serbia,SRB,2010,1.977
Sierra Leone,SLE,2010,1.835
Singapore,SGP,2010,1.49
Slovakia,SVK,2010,1.543
Slovenia,SVN,2010,1.347
Somalia,SOM,2010,3.3
South Africa,ZAF,2010,2.365
South Korea,KOR,2010,1.802
S. Sudan,SSD,2010,0
Spain,ESP,2010,1.719
Sri Lanka,LKA,2010,2.689
Sudan,SDN,2010,3.041
Sweden,SWE,2010,1.444
Switzerland,CHE,2010,1.469
Syria,SYR,2010,2.292
Taiwan,TWN,2010,1.711
Tajikistan,TJK,2010,2.177
Tanzania,TZA,2010,1.778
Thailand,THA,2010,2.379
The Gambia,GMB,2010,1.892
Timor-Leste,TLS,2010,1.848
Togo,TGO,2010,1.922
Trinidad and Tobago,TTO,2010,2.079
Tunisia,TUN,2010,1.757
Turkey,TUR,2010,2.5
Turkmenistan,TKM,2010,2.12
Uganda,UGA,2010,2.311
Ukraine,UKR,2010,2.217
United Arab Emirates,ARE,2010,1.611
United Kingdom,GBR,2010,1.783
United States of America,USA,2010,2.286
Uruguay,URY,2010,1.713
Uzbekistan,UZB,2010,2.178
Venezuela,VEN,2010,2.364
Vietnam,VNM,2010,1.87
Yemen,YEM,2010,2.562
Zambia,ZMB,2010,1.827
Zimbabwe,ZWE,2010,2.732
Afghanistan,AFG,2011,3.021
Albania,ALB,2011,1.797
Algeria,DZA,2011,2.479
Angola,AGO,2011,2.049
Argentina,ARG,2011,1.909
Armenia,ARM,2011,2.193
Australia,AUS,2011,1.439
Austria,AUT,2011,1.395
Azerbaijan,AZE,2011,2.348
Bahrain,BHR,2011,2.147
Bangladesh,BGD,2011,2.134
Belarus,BLR,2011,2.128
Belgium,BEL,2011,1.476
Benin,BEN,2011,2.151
Bhutan,BTN,2011,1.916
Bolivia,BOL,2011,1.974
Bosnia and Herz.,BIH,2011,1.778
Botswana,BWA,2011,1.806
Brazil,BRA,2011,2.019
Bulgaria,BGR,2011,1.609
Burkina Faso,BFA,2011,1.735
Burundi,BDI,2011,2.341
Cambodia,KHM,2011,2.099
Cameroon,CMR,2011,1.986
Canada,CAN,2011,1.44
Central African Rep.,CAF,2011,2.679
Chad,TCD,2011,2.668
Chile,CHL,2011,1.748
China,CHN,2011,2.185
Colombia,COL,2011,2.714
Costa Rica,CRI,2011,1.781
Côte d'Ivoire,CIV,2011,2.366
Croatia,HRV,2011,1.629
Cuba,CUB,2011,1.99
Cyprus,CYP,2011,1.895
Czechia,CZE,2011,1.378
Dem. Rep. Congo,COD,2011,2.884
Denmark,DNK,2011,1.304
Djibouti,DJI,2011,2.1
Dominican Rep.,DOM,2011,2.093
Ecuador,ECU,2011,2.138
Egypt,EGY,2011,2.203
El Salvador,SLV,2011,2.161
Eq. Guinea,GNQ,2011,1.925
Eritrea,ERI,2011,2.426
Estonia,EST,2011,1.701
eSwatini,SWZ,2011,2.035
Ethiopia,ETH,2011,2.432
Finland,FIN,2011,1.37
France,FRA,2011,1.771
Gabon,GAB,2011,2.048
Georgia,GEO,2011,2.577
Germany,DEU,2011,1.61
Ghana,GHA,2011,1.805
Greece,GRC,2011,1.985
Guatemala,GTM,2011,2.253
Guinea,GIN,2011,2.31
Guinea-Bissau,GNB,2011,2.3
Guyana,GUY,2011,2.122
Haiti,HTI,2011,2.03
Honduras,HND,2011,2.295
Hungary,HUN,2011,1.539
Iceland,ISL,2011,1.125
India,IND,2011,2.579
Indonesia,IDN,2011,1.736
Iran,IRN,2011,2.544
Iraq,IRQ,2011,3.193
Ireland,IRL,2011,1.452
Israel,ISR,2011,2.867
Italy,ITA,2011,1.74
Jamaica,JAM,2011,2.038
Japan,JPN,2011,1.402
Jordan,JOR,2011,1.863
Kazakhstan,KAZ,2011,2.111
Kenya,KEN,2011,2.528
Kosovo,KSV,2011,1.985
Kuwait,KWT,2011,1.538
Kyrgyzstan,KGZ,2011,2.25
Laos,LAO,2011,1.768
Latvia,LVA,2011,1.66
Lebanon,LBN,2011,2.583
Lesotho,LSO,2011,1.883
Liberia,LBR,2011,1.996
Libya,LBY,2011,2.694
Lithuania,LTU,2011,1.77
Madagascar,MDG,2011,2.164
Malawi,MWI,2011,1.71
Malaysia,MYS,2011,1.575
Mali,MLI,2011,2.303
Mauritania,MRT,2011,2.3
Mauritius,MUS,2011,1.619
Mexico,MEX,2011,2.404
Moldova,MDA,2011,1.981
Mongolia,MNG,2011,1.814
Montenegro,MNE,2011,1.996
Morocco,MAR,2011,2.044
Mozambique,MOZ,2011,1.969
Myanmar,MMR,2011,2.229
Namibia,NAM,2011,1.976
Nepal,NPL,2011,2.13
Netherlands,NLD,2011,1.537
New Zealand,NZL,2011,1.311
Nicaragua,NIC,2011,1.885
Niger,NER,2011,2.062
Nigeria,NGA,2011,2.455
North Korea,PRK,2011,2.982
Macedonia,MKD,2011,1.804
Norway,NOR,2011,1.512
Oman,OMN,2011,1.891
Pakistan,PAK,2011,3.111
Palestine,PSE,2011,0
Panama,PAN,2011,1.813
Papua New Guinea,PNG,2011,2.011
Paraguay,PRY,2011,1.932
Peru,PER,2011,2.027
Philippines,PHL,2011,2.312
Poland,POL,2011,1.563
Portugal,PRT,2011,1.427
Qatar,QAT,2011,1.487
Republic of the Congo,COG,2011,2.067
Romania,ROU,2011,1.632
Russia,RUS,2011,2.94
Rwanda,RWA,2011,2.044
Saudi Arabia,SAU,2011,2.189
Senegal,SEN,2011,2.149
Serbia,SRB,2011,1.956
Sierra Leone,SLE,2011,1.834
Singapore,SGP,2011,1.461
Slovakia,SVK,2011,1.59
Slovenia,SVN,2011,1.344
Somalia,SOM,2011,3.157
South Africa,ZAF,2011,2.341
South Korea,KOR,2011,1.879
S. Sudan,SSD,2011,2.345
Spain,ESP,2011,1.673
Sri Lanka,LKA,2011,2.596
Sudan,SDN,2011,3.102
Sweden,SWE,2011,1.439
Switzerland,CHE,2011,1.447
Syria,SYR,2011,2.305
Taiwan,TWN,2011,1.689
Tajikistan,TJK,2011,2.18
Tanzania,TZA,2011,1.771
Thailand,THA,2011,2.384
The Gambia,GMB,2011,1.936
Timor-Leste,TLS,2011,1.771
Togo,TGO,2011,1.937
Trinidad and Tobago,TTO,2011,2.05
Tunisia,TUN,2011,1.901
Turkey,TUR,2011,2.435
Turkmenistan,TKM,2011,2.075
Uganda,UGA,2011,2.246
Ukraine,UKR,2011,2.131
United Arab Emirates,ARE,2011,1.577
United Kingdom,GBR,2011,1.785
United States of America,USA,2011,2.239
Uruguay,URY,2011,1.618
Uzbekistan,UZB,2011,2.274
Venezuela,VEN,2011,2.337
Vietnam,VNM,2011,1.86
Yemen,YEM,2011,2.565
Zambia,ZMB,2011,1.73
Zimbabwe,ZWE,2011,2.66
Afghanistan,AFG,2012,3.154
Albania,ALB,2012,1.799
Algeria,DZA,2012,2.399
Angola,AGO,2012,2.087
Argentina,ARG,2012,1.872
Armenia,ARM,2012,2.194
Australia,AUS,2012,1.497
Austria,AUT,2012,1.364
Azerbaijan,AZE,2012,2.368
Bahrain,BHR,2012,2.068
Bangladesh,BGD,2012,2.158
Belarus,BLR,2012,2.122
Belgium,BEL,2012,1.476
Benin,BEN,2012,2.097
Bhutan,BTN,2012,1.753
Bolivia,BOL,2012,2.037
Bosnia and Herz.,BIH,2012,1.81
Botswana,BWA,2012,1.782
Brazil,BRA,2012,2.052
Bulgaria,BGR,2012,1.644
Burkina Faso,BFA,2012,1.686
Burundi,BDI,2012,2.29
Cambodia,KHM,2012,2.155
Cameroon,CMR,2012,2.017
Canada,CAN,2012,1.414
Central African Rep.,CAF,2012,2.78
Chad,TCD,2012,2.612
Chile,CHL,2012,1.641
China,CHN,2012,2.175
Colombia,COL,2012,2.648
Costa Rica,CRI,2012,1.731
Côte d'Ivoire,CIV,2012,2.318
Croatia,HRV,2012,1.611
Cuba,CUB,2012,2.032
Cyprus,CYP,2012,1.923
Czechia,CZE,2012,1.431
Dem. Rep. Congo,COD,2012,2.934
Denmark,DNK,2012,1.258
Djibouti,DJI,2012,1.917
Dominican Rep.,DOM,2012,2.045
Ecuador,ECU,2012,2.044
Egypt,EGY,2012,2.302
El Salvador,SLV,2012,2.197
Eq. Guinea,GNQ,2012,1.882
Eritrea,ERI,2012,2.405
Estonia,EST,2012,1.679
eSwatini,SWZ,2012,2.006
Ethiopia,ETH,2012,2.587
Finland,FIN,2012,1.336
France,FRA,2012,1.802
Gabon,GAB,2012,2.026
Georgia,GEO,2012,2.497
Germany,DEU,2012,1.595
Ghana,GHA,2012,1.75
Greece,GRC,2012,2.026
Guatemala,GTM,2012,2.207
Guinea,GIN,2012,2.174
Guinea-Bissau,GNB,2012,2.318
Guyana,GUY,2012,1.962
Haiti,HTI,2012,1.976
Honduras,HND,2012,2.269
Hungary,HUN,2012,1.512
Iceland,ISL,2012,1.182
India,IND,2012,2.487
Indonesia,IDN,2012,1.685
Iran,IRN,2012,2.564
Iraq,IRQ,2012,3.085
Ireland,IRL,2012,1.409
Israel,ISR,2012,2.761
Italy,ITA,2012,1.726
Jamaica,JAM,2012,2.084
Japan,JPN,2012,1.416
Jordan,JOR,2012,1.924
Kazakhstan,KAZ,2012,2.094
Kenya,KEN,2012,2.452
Kosovo,KSV,2012,1.953
Kuwait,KWT,2012,1.611
Kyrgyzstan,KGZ,2012,2.429
Laos,LAO,2012,1.789
Latvia,LVA,2012,1.656
Lebanon,LBN,2012,2.394
Lesotho,LSO,2012,1.858
Liberia,LBR,2012,1.936
Libya,LBY,2012,2.467
Lithuania,LTU,2012,1.757
Madagascar,MDG,2012,2.164
Malawi,MWI,2012,1.794
Malaysia,MYS,2012,1.626
Mali,MLI,2012,2.313
Mauritania,MRT,2012,2.296
Mauritius,MUS,2012,1.601
Mexico,MEX,2012,2.518
Moldova,MDA,2012,1.966
Mongolia,MNG,2012,1.818
Montenegro,MNE,2012,1.949
Morocco,MAR,2012,2.071
Mozambique,MOZ,2012,1.845
Myanmar,MMR,2012,2.248
Namibia,NAM,2012,1.927
Nepal,NPL,2012,2.012
Netherlands,NLD,2012,1.505
New Zealand,NZL,2012,1.325
Nicaragua,NIC,2012,1.93
Niger,NER,2012,2.057
Nigeria,NGA,2012,2.581
North Korea,PRK,2012,2.921
Macedonia,MKD,2012,1.843
Norway,NOR,2012,1.553
Oman,OMN,2012,1.888
Pakistan,PAK,2012,3.126
Palestine,PSE,2012,0
Panama,PAN,2012,1.849
Papua New Guinea,PNG,2012,1.973
Paraguay,PRY,2012,1.954
Peru,PER,2012,2.057
Philippines,PHL,2012,2.393
Poland,POL,2012,1.561
Portugal,PRT,2012,1.45
Qatar,QAT,2012,1.534
Republic of the Congo,COG,2012,2.056
Romania,ROU,2012,1.628
Russia,RUS,2012,2.929
Rwanda,RWA,2012,2.056
Saudi Arabia,SAU,2012,2.274
Senegal,SEN,2012,2.128
Serbia,SRB,2012,2.001
Sierra Leone,SLE,2012,1.865
Singapore,SGP,2012,1.447
Slovakia,SVK,2012,1.587
Slovenia,SVN,2012,1.386
Somalia,SOM,2012,3.228
South Africa,ZAF,2012,2.334
South Korea,KOR,2012,1.789
S. Sudan,SSD,2012,2.315
Spain,ESP,2012,1.609
Sri Lanka,LKA,2012,2.523
Sudan,SDN,2012,3.117
Sweden,SWE,2012,1.434
Switzerland,CHE,2012,1.411
Syria,SYR,2012,2.634
Taiwan,TWN,2012,1.617
Tajikistan,TJK,2012,2.177
Tanzania,TZA,2012,1.786
Thailand,THA,2012,2.415
The Gambia,GMB,2012,2.009
Timor-Leste,TLS,2012,1.738
Togo,TGO,2012,1.915
Trinidad and Tobago,TTO,2012,2.102
Tunisia,TUN,2012,2.036
Turkey,TUR,2012,2.375
Turkmenistan,TKM,2012,2.139
Uganda,UGA,2012,2.277
Ukraine,UKR,2012,2.071
United Arab Emirates,ARE,2012,1.633
United Kingdom,GBR,2012,1.746
United States of America,USA,2012,2.229
Uruguay,URY,2012,1.636
Uzbekistan,UZB,2012,2.304
Venezuela,VEN,2012,2.284
Vietnam,VNM,2012,1.923
Yemen,YEM,2012,2.609
Zambia,ZMB,2012,1.814
Zimbabwe,ZWE,2012,2.422
Afghanistan,AFG,2013,3.258
Albania,ALB,2013,1.816
Algeria,DZA,2013,2.383
Angola,AGO,2013,2.089
Argentina,ARG,2013,2.001
Armenia,ARM,2013,2.198
Australia,AUS,2013,1.451
Austria,AUT,2013,1.283
Azerbaijan,AZE,2013,2.456
Bahrain,BHR,2013,2.152
Bangladesh,BGD,2013,2.094
Belarus,BLR,2013,2.109
Belgium,BEL,2013,1.437
Benin,BEN,2013,2.023
Bhutan,BTN,2013,1.682
Bolivia,BOL,2013,2.055
Bosnia and Herz.,BIH,2013,1.773
Botswana,BWA,2013,1.749
Brazil,BRA,2013,2.038
Bulgaria,BGR,2013,1.674
Burkina Faso,BFA,2013,1.82
Burundi,BDI,2013,2.302
Cambodia,KHM,2013,2.137
Cameroon,CMR,2013,1.921
Canada,CAN,2013,1.301
Central African Rep.,CAF,2013,2.998
Chad,TCD,2013,2.361
Chile,CHL,2013,1.626
China,CHN,2013,2.088
Colombia,COL,2013,2.596
Costa Rica,CRI,2013,1.781
Côte d'Ivoire,CIV,2013,2.523
Croatia,HRV,2013,1.591
Cuba,CUB,2013,2.018
Cyprus,CYP,2013,1.873
Czechia,CZE,2013,1.421
Dem. Rep. Congo,COD,2013,2.862
Denmark,DNK,2013,1.219
Djibouti,DJI,2013,1.968
Dominican Rep.,DOM,2013,2.051
Ecuador,ECU,2013,2.021
Egypt,EGY,2013,2.382
El Salvador,SLV,2013,2.129
Eq. Guinea,GNQ,2013,1.823
Eritrea,ERI,2013,2.365
Estonia,EST,2013,1.658
eSwatini,SWZ,2013,2.022
Ethiopia,ETH,2013,2.483
Finland,FIN,2013,1.331
France,FRA,2013,1.773
Gabon,GAB,2013,1.988
Georgia,GEO,2013,2.4
Germany,DEU,2013,1.518
Ghana,GHA,2013,1.757
Greece,GRC,2013,2.026
Guatemala,GTM,2013,2.196
Guinea,GIN,2013,2.184
Guinea-Bissau,GNB,2013,2.269
Guyana,GUY,2013,1.972
Haiti,HTI,2013,1.923
Honduras,HND,2013,2.22
Hungary,HUN,2013,1.492
Iceland,ISL,2013,1.181
India,IND,2013,2.501
Indonesia,IDN,2013,1.69
Iran,IRN,2013,2.512
Iraq,IRQ,2013,3.077
Ireland,IRL,2013,1.395
Israel,ISR,2013,2.713
Italy,ITA,2013,1.716
Jamaica,JAM,2013,2.036
Japan,JPN,2013,1.367
Jordan,JOR,2013,1.911
Kazakhstan,KAZ,2013,1.962
Kenya,KEN,2013,2.52
Kosovo,KSV,2013,1.976
Kuwait,KWT,2013,1.614
Kyrgyzstan,KGZ,2013,2.387
Laos,LAO,2013,1.77
Latvia,LVA,2013,1.596
Lebanon,LBN,2013,2.41
Lesotho,LSO,2013,1.867
Liberia,LBR,2013,1.869
Libya,LBY,2013,2.558
Lithuania,LTU,2013,1.709
Madagascar,MDG,2013,2.101
Malawi,MWI,2013,1.77
Malaysia,MYS,2013,1.582
Mali,MLI,2013,2.424
Mauritania,MRT,2013,2.231
Mauritius,MUS,2013,1.522
Mexico,MEX,2013,2.473
Moldova,MDA,2013,1.937
Mongolia,MNG,2013,1.87
Montenegro,MNE,2013,1.771
Morocco,MAR,2013,2.034
Mozambique,MOZ,2013,1.891
Myanmar,MMR,2013,2.295
Namibia,NAM,2013,1.918
Nepal,NPL,2013,2.006
Netherlands,NLD,2013,1.476
New Zealand,NZL,2013,1.335
Nicaragua,NIC,2013,1.877
Niger,NER,2013,2.009
Nigeria,NGA,2013,2.602
North Korea,PRK,2013,2.935
Macedonia,MKD,2013,1.911
Norway,NOR,2013,1.516
Oman,OMN,2013,1.867
Pakistan,PAK,2013,3.194
Palestine,PSE,2013,0
Panama,PAN,2013,1.842
Papua New Guinea,PNG,2013,1.965
Paraguay,PRY,2013,2.054
Peru,PER,2013,2.083
Philippines,PHL,2013,2.35
Poland,POL,2013,1.524
Portugal,PRT,2013,1.46
Qatar,QAT,2013,1.571
Republic of the Congo,COG,2013,2.085
Romania,ROU,2013,1.613
Russia,RUS,2013,2.935
Rwanda,RWA,2013,2.149
Saudi Arabia,SAU,2013,2.175
Senegal,SEN,2013,2.098
Serbia,SRB,2013,1.968
Sierra Leone,SLE,2013,1.82
Singapore,SGP,2013,1.464
Slovakia,SVK,2013,1.581
Slovenia,SVN,2013,1.376
Somalia,SOM,2013,3.184
South Africa,ZAF,2013,2.33
South Korea,KOR,2013,1.762
S. Sudan,SSD,2013,2.567
Spain,ESP,2013,1.589
Sri Lanka,LKA,2013,2.213
Sudan,SDN,2013,3.128
Sweden,SWE,2013,1.416
Switzerland,CHE,2013,1.394
Syria,SYR,2013,2.989
Taiwan,TWN,2013,1.609
Tajikistan,TJK,2013,2.244
Tanzania,TZA,2013,1.801
Thailand,THA,2013,2.375
The Gambia,GMB,2013,2.027
Timor-Leste,TLS,2013,1.741
Togo,TGO,2013,1.883
Trinidad and Tobago,TTO,2013,2.013
Tunisia,TUN,2013,2.044
Turkey,TUR,2013,2.487
Turkmenistan,TKM,2013,2.096
Uganda,UGA,2013,2.196
Ukraine,UKR,2013,2.191
United Arab Emirates,ARE,2013,1.588
United Kingdom,GBR,2013,1.743
United States of America,USA,2013,2.191
Uruguay,URY,2013,1.629
Uzbekistan,UZB,2013,2.234
Venezuela,VEN,2013,2.256
Vietnam,VNM,2013,1.871
Yemen,YEM,2013,2.547
Zambia,ZMB,2013,1.728
Zimbabwe,ZWE,2013,2.395
Afghanistan,AFG,2014,3.212
Albania,ALB,2014,1.81
Algeria,DZA,2014,2.293
Angola,AGO,2014,2.062
Argentina,ARG,2014,1.905
Armenia,ARM,2014,2.134
Australia,AUS,2014,1.386
Austria,AUT,2014,1.265
Azerbaijan,AZE,2014,2.389
Bahrain,BHR,2014,2.206
Bangladesh,BGD,2014,2.012
Belarus,BLR,2014,2.08
Belgium,BEL,2014,1.401
Benin,BEN,2014,2
Bhutan,BTN,2014,1.654
Bolivia,BOL,2014,2.015
Bosnia and Herz.,BIH,2014,1.721
Botswana,BWA,2014,1.869
Brazil,BRA,2014,2.075
Bulgaria,BGR,2014,1.575
Burkina Faso,BFA,2014,1.723
Burundi,BDI,2014,2.241
Cambodia,KHM,2014,2.121
Cameroon,CMR,2014,1.999
Canada,CAN,2014,1.283
Central African Rep.,CAF,2014,3.144
Chad,TCD,2014,2.438
Chile,CHL,2014,1.59
China,CHN,2014,2.091
Colombia,COL,2014,2.61
Costa Rica,CRI,2014,1.757
Côte d'Ivoire,CIV,2014,2.376
Croatia,HRV,2014,1.545
Cuba,CUB,2014,1.987
Cyprus,CYP,2014,1.93
Czechia,CZE,2014,1.38
Dem. Rep. Congo,COD,2014,3.005
Denmark,DNK,2014,1.198
Djibouti,DJI,2014,1.942
Dominican Rep.,DOM,2014,2.035
Ecuador,ECU,2014,1.992
Egypt,EGY,2014,2.529
El Salvador,SLV,2014,2.081
Eq. Guinea,GNQ,2014,1.846
Eritrea,ERI,2014,2.372
Estonia,EST,2014,1.553
eSwatini,SWZ,2014,2.055
Ethiopia,ETH,2014,2.378
Finland,FIN,2014,1.324
France,FRA,2014,1.712
Gabon,GAB,2014,1.931
Georgia,GEO,2014,2.133
Germany,DEU,2014,1.451
Ghana,GHA,2014,1.745
Greece,GRC,2014,2.017
Guatemala,GTM,2014,2.142
Guinea,GIN,2014,2.212
Guinea-Bissau,GNB,2014,2.399
Guyana,GUY,2014,1.988
Haiti,HTI,2014,2.081
Honduras,HND,2014,2.178
Hungary,HUN,2014,1.471
Iceland,ISL,2014,1.175
India,IND,2014,2.493
Indonesia,IDN,2014,1.732
Iran,IRN,2014,2.452
Iraq,IRQ,2014,3.054
Ireland,IRL,2014,1.369
Israel,ISR,2014,2.63
Italy,ITA,2014,1.658
Jamaica,JAM,2014,2.015
Japan,JPN,2014,1.364
Jordan,JOR,2014,1.859
Kazakhstan,KAZ,2014,2.007
Kenya,KEN,2014,2.487
Kosovo,KSV,2014,1.908
Kuwait,KWT,2014,1.59
Kyrgyzstan,KGZ,2014,2.283
Laos,LAO,2014,1.739
Latvia,LVA,2014,1.556
Lebanon,LBN,2014,2.561
Lesotho,LSO,2014,1.82
Liberia,LBR,2014,1.846
Libya,LBY,2014,2.481
Lithuania,LTU,2014,1.675
Madagascar,MDG,2014,2.054
Malawi,MWI,2014,1.787
Malaysia,MYS,2014,1.558
Mali,MLI,2014,2.514
Mauritania,MRT,2014,2.243
Mauritius,MUS,2014,1.517
Mexico,MEX,2014,2.416
Moldova,MDA,2014,1.923
Mongolia,MNG,2014,1.725
Montenegro,MNE,2014,1.793
Morocco,MAR,2014,2.05
Mozambique,MOZ,2014,1.972
Myanmar,MMR,2014,2.229
Namibia,NAM,2014,1.878
Nepal,NPL,2014,1.95
Netherlands,NLD,2014,1.469
New Zealand,NZL,2014,1.318
Nicaragua,NIC,2014,1.86
Niger,NER,2014,1.981
Nigeria,NGA,2014,2.719
North Korea,PRK,2014,2.946
Macedonia,MKD,2014,1.904
Norway,NOR,2014,1.542
Oman,OMN,2014,1.904
Pakistan,PAK,2014,3.128
Palestine,PSE,2014,0
Panama,PAN,2014,1.866
Papua New Guinea,PNG,2014,1.969
Paraguay,PRY,2014,1.992
Peru,PER,2014,2.029
Philippines,PHL,2014,2.387
Poland,POL,2014,1.482
Portugal,PRT,2014,1.396
Qatar,QAT,2014,1.536
Republic of the Congo,COG,2014,2.125
Romania,ROU,2014,1.587
Russia,RUS,2014,3.043
Rwanda,RWA,2014,2.23
Saudi Arabia,SAU,2014,2.056
Senegal,SEN,2014,2.077
Serbia,SRB,2014,1.891
Sierra Leone,SLE,2014,1.818
Singapore,SGP,2014,1.429
Slovakia,SVK,2014,1.53
Slovenia,SVN,2014,1.37
Somalia,SOM,2014,3.171
South Africa,ZAF,2014,2.332
South Korea,KOR,2014,1.774
S. Sudan,SSD,2014,3.049
Spain,ESP,2014,1.527
Sri Lanka,LKA,2014,2.11
Sudan,SDN,2014,3.182
Sweden,SWE,2014,1.389
Switzerland,CHE,2014,1.378
Syria,SYR,2014,3.278
Taiwan,TWN,2014,1.606
Tajikistan,TJK,2014,2.261
Tanzania,TZA,2014,1.811
Thailand,THA,2014,2.378
The Gambia,GMB,2014,2.055
Timor-Leste,TLS,2014,1.785
Togo,TGO,2014,1.926
Trinidad and Tobago,TTO,2014,2.01
Tunisia,TUN,2014,2.038
Turkey,TUR,2014,2.44
Turkmenistan,TKM,2014,2.063
Uganda,UGA,2014,2.215
Ukraine,UKR,2014,2.433
United Arab Emirates,ARE,2014,1.624
United Kingdom,GBR,2014,1.736
United States of America,USA,2014,2.172
Uruguay,URY,2014,1.642
Uzbekistan,UZB,2014,2.142
Venezuela,VEN,2014,2.333
Vietnam,VNM,2014,1.832
Yemen,YEM,2014,2.611
Zambia,ZMB,2014,1.81
Zimbabwe,ZWE,2014,2.26
Afghanistan,AFG,2015,3.316
Albania,ALB,2015,1.806
Algeria,DZA,2015,2.263
Angola,AGO,2015,1.957
Argentina,ARG,2015,1.984
Armenia,ARM,2015,2.157
Australia,AUS,2015,1.359
Austria,AUT,2015,1.233
Azerbaijan,AZE,2015,2.394
Bahrain,BHR,2015,2.114
Bangladesh,BGD,2015,1.998
Belarus,BLR,2015,2.127
Belgium,BEL,2015,1.392
Benin,BEN,2015,1.886
Bhutan,BTN,2015,1.627
Bolivia,BOL,2015,2.02
Bosnia and Herz.,BIH,2015,1.781
Botswana,BWA,2015,1.753
Brazil,BRA,2015,2.156
Bulgaria,BGR,2015,1.643
Burkina Faso,BFA,2015,1.856
Burundi,BDI,2015,2.313
Cambodia,KHM,2015,2.04
Cameroon,CMR,2015,2.204
Canada,CAN,2015,1.31
Central African Rep.,CAF,2015,3.24
Chad,TCD,2015,2.454
Chile,CHL,2015,1.612
China,CHN,2015,2.116
Colombia,COL,2015,2.67
Costa Rica,CRI,2015,1.698
Côte d'Ivoire,CIV,2015,2.189
Croatia,HRV,2015,1.557
Cuba,CUB,2015,1.993
Cyprus,CYP,2015,1.89
Czechia,CZE,2015,1.392
Dem. Rep. Congo,COD,2015,3.068
Denmark,DNK,2015,1.219
Djibouti,DJI,2015,2.082
Dominican Rep.,DOM,2015,2.039
Ecuador,ECU,2015,1.967
Egypt,EGY,2015,2.4
El Salvador,SLV,2015,2.174
Eq. Guinea,GNQ,2015,1.812
Eritrea,ERI,2015,2.369
Estonia,EST,2015,1.619
eSwatini,SWZ,2015,2.057
Ethiopia,ETH,2015,2.3
Finland,FIN,2015,1.331
France,FRA,2015,1.703
Gabon,GAB,2015,1.976
Georgia,GEO,2015,2.005
Germany,DEU,2015,1.43
Ghana,GHA,2015,1.707
Greece,GRC,2015,1.9
Guatemala,GTM,2015,2.08
Guinea,GIN,2015,2.196
Guinea-Bissau,GNB,2015,2.136
Guyana,GUY,2015,2.033
Haiti,HTI,2015,2.04
Honduras,HND,2015,2.137
Hungary,HUN,2015,1.489
Iceland,ISL,2015,1.153
India,IND,2015,2.485
Indonesia,IDN,2015,1.734
Iran,IRN,2015,2.511
Iraq,IRQ,2015,3.238
Ireland,IRL,2015,1.382
Israel,ISR,2015,2.633
Italy,ITA,2015,1.658
Jamaica,JAM,2015,1.987
Japan,JPN,2015,1.365
Jordan,JOR,2015,1.939
Kazakhstan,KAZ,2015,1.979
Kenya,KEN,2015,2.441
Kosovo,KSV,2015,1.922
Kuwait,KWT,2015,1.655
Kyrgyzstan,KGZ,2015,2.184
Laos,LAO,2015,1.74
Latvia,LVA,2015,1.609
Lebanon,LBN,2015,2.577
Lesotho,LSO,2015,1.87
Liberia,LBR,2015,1.92
Libya,LBY,2015,2.864
Lithuania,LTU,2015,1.691
Madagascar,MDG,2015,1.99
Malawi,MWI,2015,1.731
Malaysia,MYS,2015,1.61
Mali,MLI,2015,2.589
Mauritania,MRT,2015,2.203
Mauritius,MUS,2015,1.522
Mexico,MEX,2015,2.398
Moldova,MDA,2015,1.903
Mongolia,MNG,2015,1.708
Montenegro,MNE,2015,1.801
Morocco,MAR,2015,2.057
Mozambique,MOZ,2015,1.976
Myanmar,MMR,2015,2.297
Namibia,NAM,2015,1.913
Nepal,NPL,2015,1.863
Netherlands,NLD,2015,1.453
New Zealand,NZL,2015,1.291
Nicaragua,NIC,2015,1.948
Niger,NER,2015,2.237
Nigeria,NGA,2015,2.767
North Korea,PRK,2015,2.954
Macedonia,MKD,2015,1.891
Norway,NOR,2015,1.463
Oman,OMN,2015,1.973
Pakistan,PAK,2015,3.097
Palestine,PSE,2015,0
Panama,PAN,2015,1.913
Papua New Guinea,PNG,2015,1.992
Paraguay,PRY,2015,2.051
Peru,PER,2015,2.037
Philippines,PHL,2015,2.402
Poland,POL,2015,1.491
Portugal,PRT,2015,1.366
Qatar,QAT,2015,1.628
Republic of the Congo,COG,2015,2.163
Romania,ROU,2015,1.581
Russia,RUS,2015,3.065
Rwanda,RWA,2015,2.2
Saudi Arabia,SAU,2015,2.07
Senegal,SEN,2015,1.986
Serbia,SRB,2015,1.838
Sierra Leone,SLE,2015,1.801
Singapore,SGP,2015,1.391
Slovakia,SVK,2015,1.518
Slovenia,SVN,2015,1.354
Somalia,SOM,2015,3.133
South Africa,ZAF,2015,2.39
South Korea,KOR,2015,1.789
S. Sudan,SSD,2015,3.266
Spain,ESP,2015,1.504
Sri Lanka,LKA,2015,2.119
Sudan,SDN,2015,3.13
Sweden,SWE,2015,1.375
Switzerland,CHE,2015,1.364
Syria,SYR,2015,3.359
Taiwan,TWN,2015,1.729
Tajikistan,TJK,2015,2.127
Tanzania,TZA,2015,1.861
Thailand,THA,2015,2.353
The Gambia,GMB,2015,2.083
Timor-Leste,TLS,2015,1.813
Togo,TGO,2015,1.867
Trinidad and Tobago,TTO,2015,2.031
Tunisia,TUN,2015,1.944
Turkey,TUR,2015,2.49
Turkmenistan,TKM,2015,2.124
Uganda,UGA,2015,2.163
Ukraine,UKR,2015,2.712
United Arab Emirates,ARE,2015,1.71
United Kingdom,GBR,2015,1.705
United States of America,USA,2015,2.175
Uruguay,URY,2015,1.662
Uzbekistan,UZB,2015,2.141
Venezuela,VEN,2015,2.448
Vietnam,VNM,2015,1.932
Yemen,YEM,2015,2.738
Zambia,ZMB,2015,1.816
Zimbabwe,ZWE,2015,2.162
Afghanistan,AFG,2016,3.362
Albania,ALB,2016,1.761
Algeria,DZA,2016,2.238
Angola,AGO,2016,1.974
Argentina,ARG,2016,1.981
Armenia,ARM,2016,2.105
Australia,AUS,2016,1.388
Austria,AUT,2016,1.22
Azerbaijan,AZE,2016,2.38
Bahrain,BHR,2016,2.191
Bangladesh,BGD,2016,2.006
Belarus,BLR,2016,2.057
Belgium,BEL,2016,1.386
Benin,BEN,2016,1.932
Bhutan,BTN,2016,1.555
Bolivia,BOL,2016,1.923
Bosnia and Herz.,BIH,2016,1.763
Botswana,BWA,2016,1.716
Brazil,BRA,2016,2.158
Bulgaria,BGR,2016,1.597
Burkina Faso,BFA,2016,2.013
Burundi,BDI,2016,2.529
Cambodia,KHM,2016,2.005
Cameroon,CMR,2016,2.359
Canada,CAN,2016,1.308
Central African Rep.,CAF,2016,3.215
Chad,TCD,2016,2.414
Chile,CHL,2016,1.582
China,CHN,2016,2.099
Colombia,COL,2016,2.616
Costa Rica,CRI,2016,1.689
Côte d'Ivoire,CIV,2016,2.226
Croatia,HRV,2016,1.557
Cuba,CUB,2016,1.975
Cyprus,CYP,2016,1.9
Czechia,CZE,2016,1.335
Dem. Rep. Congo,COD,2016,3.001
Denmark,DNK,2016,1.209
Djibouti,DJI,2016,2.153
Dominican Rep.,DOM,2016,2.035
Ecuador,ECU,2016,1.958
Egypt,EGY,2016,2.412
El Salvador,SLV,2016,2.141
Eq. Guinea,GNQ,2016,1.778
Eritrea,ERI,2016,2.408
Estonia,EST,2016,1.598
eSwatini,SWZ,2016,2.013
Ethiopia,ETH,2016,2.285
Finland,FIN,2016,1.348
France,FRA,2016,1.744
Gabon,GAB,2016,1.986
Georgia,GEO,2016,1.992
Germany,DEU,2016,1.436
Ghana,GHA,2016,1.728
Greece,GRC,2016,1.91
Guatemala,GTM,2016,2.155
Guinea,GIN,2016,2.166
Guinea-Bissau,GNB,2016,2.135
Guyana,GUY,2016,2.06
Haiti,HTI,2016,2.007
Honduras,HND,2016,2.2
Hungary,HUN,2016,1.456
Iceland,ISL,2016,1.152
India,IND,2016,2.52
Indonesia,IDN,2016,1.747
Iran,IRN,2016,2.359
Iraq,IRQ,2016,3.394
Ireland,IRL,2016,1.381
Israel,ISR,2016,2.741
Italy,ITA,2016,1.644
Jamaica,JAM,2016,1.964
Japan,JPN,2016,1.38
Jordan,JOR,2016,1.936
Kazakhstan,KAZ,2016,1.957
Kenya,KEN,2016,2.439
Kosovo,KSV,2016,1.932
Kuwait,KWT,2016,1.702
Kyrgyzstan,KGZ,2016,2.136
Laos,LAO,2016,1.814
Latvia,LVA,2016,1.562
Lebanon,LBN,2016,2.632
Lesotho,LSO,2016,1.938
Liberia,LBR,2016,1.939
Libya,LBY,2016,3.079
Lithuania,LTU,2016,1.701
Madagascar,MDG,2016,1.903
Malawi,MWI,2016,1.864
Malaysia,MYS,2016,1.668
Mali,MLI,2016,2.52
Mauritania,MRT,2016,2.16
Mauritius,MUS,2016,1.542
Mexico,MEX,2016,2.416
Moldova,MDA,2016,1.922
Mongolia,MNG,2016,1.778
Montenegro,MNE,2016,1.745
Morocco,MAR,2016,2.05
Mozambique,MOZ,2016,1.977
Myanmar,MMR,2016,2.122
Namibia,NAM,2016,1.869
Nepal,NPL,2016,1.965
Netherlands,NLD,2016,1.443
New Zealand,NZL,2016,1.269
Nicaragua,NIC,2016,1.896
Niger,NER,2016,2.194
Nigeria,NGA,2016,2.787
North Korea,PRK,2016,2.922
Macedonia,MKD,2016,1.989
Norway,NOR,2016,1.465
Oman,OMN,2016,1.927
Pakistan,PAK,2016,3.086
Palestine,PSE,2016,2.789
Panama,PAN,2016,1.835
Papua New Guinea,PNG,2016,1.983
Paraguay,PRY,2016,2.009
Peru,PER,2016,2.028
Philippines,PHL,2016,2.403
Poland,POL,2016,1.499
Portugal,PRT,2016,1.286
Qatar,QAT,2016,1.579
Republic of the Congo,COG,2016,2.245
Romania,ROU,2016,1.592
Russia,RUS,2016,3.006
Rwanda,RWA,2016,2.133
Saudi Arabia,SAU,2016,2.153
Senegal,SEN,2016,1.959
Serbia,SRB,2016,1.779
Sierra Leone,SLE,2016,1.762
Singapore,SGP,2016,1.39
Slovakia,SVK,2016,1.568
Slovenia,SVN,2016,1.321
Somalia,SOM,2016,3.156
South Africa,ZAF,2016,2.29
South Korea,KOR,2016,1.779
S. Sudan,SSD,2016,3.299
Spain,ESP,2016,1.513
Sri Lanka,LKA,2016,2.002
Sudan,SDN,2016,3.096
Sweden,SWE,2016,1.422
Switzerland,CHE,2016,1.357
Syria,SYR,2016,3.362
Taiwan,TWN,2016,1.702
Tajikistan,TJK,2016,2.094
Tanzania,TZA,2016,1.856
Thailand,THA,2016,2.21
The Gambia,GMB,2016,2.058
Timor-Leste,TLS,2016,1.785
Togo,TGO,2016,1.889
Trinidad and Tobago,TTO,2016,1.995
Tunisia,TUN,2016,1.878
Turkey,TUR,2016,2.539
Turkmenistan,TKM,2016,2.139
Uganda,UGA,2016,2.078
Ukraine,UKR,2016,3.007
United Arab Emirates,ARE,2016,1.721
United Kingdom,GBR,2016,1.686
United States of America,USA,2016,2.139
Uruguay,URY,2016,1.658
Uzbekistan,UZB,2016,2.088
Venezuela,VEN,2016,2.515
Vietnam,VNM,2016,1.871
Yemen,YEM,2016,2.974
Zambia,ZMB,2016,1.782
Zimbabwe,ZWE,2016,2.146
Afghanistan,AFG,2017,3.412
Albania,ALB,2017,1.774
Algeria,DZA,2017,2.206
Angola,AGO,2017,1.938
Argentina,ARG,2017,1.936
Armenia,ARM,2017,2.177
Australia,AUS,2017,1.414
Austria,AUT,2017,1.298
Azerbaijan,AZE,2017,2.434
Bahrain,BHR,2017,2.291
Bangladesh,BGD,2017,1.969
Belarus,BLR,2017,1.991
Belgium,BEL,2017,1.456
Benin,BEN,2017,1.989
Bhutan,BTN,2017,1.58
Bolivia,BOL,2017,1.958
Bosnia and Herz.,BIH,2017,1.874
Botswana,BWA,2017,1.73
Brazil,BRA,2017,2.235
Bulgaria,BGR,2017,1.589
Burkina Faso,BFA,2017,2.021
Burundi,BDI,2017,2.531
Cambodia,KHM,2017,1.916
Cameroon,CMR,2017,2.455
Canada,CAN,2017,1.314
Central African Rep.,CAF,2017,3.166
Chad,TCD,2017,2.523
Chile,CHL,2017,1.583
China,CHN,2017,2.121
Colombia,COL,2017,2.689
Costa Rica,CRI,2017,1.701
Côte d'Ivoire,CIV,2017,2.22
Croatia,HRV,2017,1.568
Cuba,CUB,2017,1.978
Cyprus,CYP,2017,1.901
Czechia,CZE,2017,1.32
Dem. Rep. Congo,COD,2017,2.963
Denmark,DNK,2017,1.31
Djibouti,DJI,2017,2.111
Dominican Rep.,DOM,2017,2.027
Ecuador,ECU,2017,1.846
Egypt,EGY,2017,2.419
El Salvador,SLV,2017,2.173
Eq. Guinea,GNQ,2017,1.793
Eritrea,ERI,2017,2.464
Estonia,EST,2017,1.588
eSwatini,SWZ,2017,1.948
Ethiopia,ETH,2017,2.402
Finland,FIN,2017,1.435
France,FRA,2017,1.871
Gabon,GAB,2017,2.007
Georgia,GEO,2017,1.994
Germany,DEU,2017,1.465
Ghana,GHA,2017,1.76
Greece,GRC,2017,1.911
Guatemala,GTM,2017,2.207
Guinea,GIN,2017,2.056
Guinea-Bissau,GNB,2017,2.177
Guyana,GUY,2017,1.985
Haiti,HTI,2017,1.95
Honduras,HND,2017,2.149
Hungary,HUN,2017,1.479
Iceland,ISL,2017,1.097
India,IND,2017,2.526
Indonesia,IDN,2017,1.765
Iran,IRN,2017,2.371
Iraq,IRQ,2017,3.421
Ireland,IRL,2017,1.375
Israel,ISR,2017,2.786
Italy,ITA,2017,1.653
Jamaica,JAM,2017,1.942
Japan,JPN,2017,1.347
Jordan,JOR,2017,1.966
Kazakhstan,KAZ,2017,1.948
Kenya,KEN,2017,2.426
Kosovo,KSV,2017,1.885
Kuwait,KWT,2017,1.837
Kyrgyzstan,KGZ,2017,2.103
Laos,LAO,2017,1.766
Latvia,LVA,2017,1.557
Lebanon,LBN,2017,2.716
Lesotho,LSO,2017,2.012
Liberia,LBR,2017,1.978
Libya,LBY,2017,3.218
Lithuania,LTU,2017,1.704
Madagascar,MDG,2017,1.944
Malawi,MWI,2017,1.823
Malaysia,MYS,2017,1.679
Mali,MLI,2017,2.648
Mauritania,MRT,2017,2.241
Mauritius,MUS,2017,1.534
Mexico,MEX,2017,2.51
Moldova,MDA,2017,1.887
Mongolia,MNG,2017,1.75
Montenegro,MNE,2017,1.792
Morocco,MAR,2017,1.932
Mozambique,MOZ,2017,2.06
Myanmar,MMR,2017,2.096
Namibia,NAM,2017,1.834
Nepal,NPL,2017,1.98
Netherlands,NLD,2017,1.451
New Zealand,NZL,2017,1.278
Nicaragua,NIC,2017,1.927
Niger,NER,2017,2.389
Nigeria,NGA,2017,2.756
North Korea,PRK,2017,2.946
Macedonia,MKD,2017,2.013
Norway,NOR,2017,1.46
Oman,OMN,2017,1.888
Pakistan,PAK,2017,3.011
Palestine,PSE,2017,2.744
Panama,PAN,2017,1.82
Papua New Guinea,PNG,2017,1.949
Paraguay,PRY,2017,1.98
Peru,PER,2017,2.001
Philippines,PHL,2017,2.459
Poland,POL,2017,1.595
Portugal,PRT,2017,1.259
Qatar,QAT,2017,1.532
Republic of the Congo,COG,2017,2.264
Romania,ROU,2017,1.56
Russia,RUS,2017,2.975
Rwanda,RWA,2017,2.037
Saudi Arabia,SAU,2017,2.338
Senegal,SEN,2017,1.927
Serbia,SRB,2017,1.782
Sierra Leone,SLE,2017,1.757
Singapore,SGP,2017,1.396
Slovakia,SVK,2017,1.596
Slovenia,SVN,2017,1.313
Somalia,SOM,2017,3.103
South Africa,ZAF,2017,2.292
South Korea,KOR,2017,1.799
S. Sudan,SSD,2017,3.239
Spain,ESP,2017,1.487
Sri Lanka,LKA,2017,1.87
Sudan,SDN,2017,3.062
Sweden,SWE,2017,1.504
Switzerland,CHE,2017,1.354
Syria,SYR,2017,3.405
Taiwan,TWN,2017,1.72
Tajikistan,TJK,2017,2.07
Tanzania,TZA,2017,1.809
Thailand,THA,2017,2.224
The Gambia,GMB,2017,2.195
Timor-Leste,TLS,2017,1.778
Togo,TGO,2017,1.868
Trinidad and Tobago,TTO,2017,2.014
Tunisia,TUN,2017,1.956
Turkey,TUR,2017,2.67
Turkmenistan,TKM,2017,2.207
Uganda,UGA,2017,2.083
Ukraine,UKR,2017,2.999
United Arab Emirates,ARE,2017,1.815
United Kingdom,GBR,2017,1.683
United States of America,USA,2017,2.248
Uruguay,URY,2017,1.637
Uzbekistan,UZB,2017,2.033
Venezuela,VEN,2017,2.525
Vietnam,VNM,2017,1.882
Yemen,YEM,2017,3.112
Zambia,ZMB,2017,1.773
Zimbabwe,ZWE,2017,2.165
Afghanistan,AFG,2018,3.513
Albania,ALB,2018,1.714
Algeria,DZA,2018,2.212
Angola,AGO,2018,1.972
Argentina,ARG,2018,1.914
Armenia,ARM,2018,2.228
Australia,AUS,2018,1.422
Austria,AUT,2018,1.263
Azerbaijan,AZE,2018,2.413
Bahrain,BHR,2018,2.272
Bangladesh,BGD,2018,2.022
Belarus,BLR,2018,2.019
Belgium,BEL,2018,1.53
Benin,BEN,2018,1.899
Bhutan,BTN,2018,1.494
Bolivia,BOL,2018,1.969
Bosnia and Herz.,BIH,2018,1.903
Botswana,BWA,2018,1.775
Brazil,BRA,2018,2.213
Bulgaria,BGR,2018,1.58
Burkina Faso,BFA,2018,2.041
Burundi,BDI,2018,2.481
Cambodia,KHM,2018,2.003
Cameroon,CMR,2018,2.554
Canada,CAN,2018,1.316
Central African Rep.,CAF,2018,3.164
Chad,TCD,2018,2.441
Chile,CHL,2018,1.628
China,CHN,2018,2.065
Colombia,COL,2018,2.69
Costa Rica,CRI,2018,1.748
Côte d'Ivoire,CIV,2018,2.221
Croatia,HRV,2018,1.556
Cuba,CUB,2018,1.961
Cyprus,CYP,2018,1.848
Czechia,CZE,2018,1.337
Dem. Rep. Congo,COD,2018,3.109
Denmark,DNK,2018,1.302
Djibouti,DJI,2018,2.172
Dominican Rep.,DOM,2018,2.041
Ecuador,ECU,2018,1.908
Egypt,EGY,2018,2.479
El Salvador,SLV,2018,2.197
Eq. Guinea,GNQ,2018,1.83
Eritrea,ERI,2018,2.592
Estonia,EST,2018,1.598
eSwatini,SWZ,2018,1.971
Ethiopia,ETH,2018,2.468
Finland,FIN,2018,1.44
France,FRA,2018,1.899
Gabon,GAB,2018,2.052
Georgia,GEO,2018,1.986
Germany,DEU,2018,1.509
Ghana,GHA,2018,1.747
Greece,GRC,2018,1.93
Guatemala,GTM,2018,2.181
Guinea,GIN,2018,2.072
Guinea-Bissau,GNB,2018,2.178
Guyana,GUY,2018,2.035
Haiti,HTI,2018,1.97
Honduras,HND,2018,2.2
Hungary,HUN,2018,1.514
Iceland,ISL,2018,1.112
India,IND,2018,2.499
Indonesia,IDN,2018,1.746
Iran,IRN,2018,2.486
Iraq,IRQ,2018,3.312
Ireland,IRL,2018,1.332
Israel,ISR,2018,2.731
Italy,ITA,2018,1.705
Jamaica,JAM,2018,1.954
Japan,JPN,2018,1.352
Jordan,JOR,2018,2.041
Kazakhstan,KAZ,2018,1.939
Kenya,KEN,2018,2.401
Kosovo,KSV,2018,1.943
Kuwait,KWT,2018,1.839
Kyrgyzstan,KGZ,2018,2.088
Laos,LAO,2018,1.78
Latvia,LVA,2018,1.562
Lebanon,LBN,2018,2.678
Lesotho,LSO,2018,2.09
Liberia,LBR,2018,1.892
Libya,LBY,2018,3.113
Lithuania,LTU,2018,1.687
Madagascar,MDG,2018,1.891
Malawi,MWI,2018,1.825
Malaysia,MYS,2018,1.629
Mali,MLI,2018,2.63
Mauritania,MRT,2018,2.223
Mauritius,MUS,2018,1.533
Mexico,MEX,2018,2.536
Moldova,MDA,2018,1.855
Mongolia,MNG,2018,1.764
Montenegro,MNE,2018,1.742
Morocco,MAR,2018,1.933
Mozambique,MOZ,2018,2.121
Myanmar,MMR,2018,2.239
Namibia,NAM,2018,1.832
Nepal,NPL,2018,1.992
Netherlands,NLD,2018,1.463
New Zealand,NZL,2018,1.234
Nicaragua,NIC,2018,1.872
Niger,NER,2018,2.44
Nigeria,NGA,2018,2.754
North Korea,PRK,2018,2.927
Macedonia,MKD,2018,1.944
Norway,NOR,2018,1.48
Oman,OMN,2018,1.94
Pakistan,PAK,2018,2.929
Palestine,PSE,2018,2.623
Panama,PAN,2018,1.82
Papua New Guinea,PNG,2018,1.973
Paraguay,PRY,2018,2.003
Peru,PER,2018,1.979
Philippines,PHL,2018,2.464
Poland,POL,2018,1.619
Portugal,PRT,2018,1.295
Qatar,QAT,2018,1.73
Republic of the Congo,COG,2018,2.29
Romania,ROU,2018,1.539
Russia,RUS,2018,3.063
Rwanda,RWA,2018,2.15
Saudi Arabia,SAU,2018,2.416
Senegal,SEN,2018,1.826
Serbia,SRB,2018,1.763
Sierra Leone,SLE,2018,1.719
Singapore,SGP,2018,1.398
Slovakia,SVK,2018,1.532
Slovenia,SVN,2018,1.33
Somalia,SOM,2018,3.134
South Africa,ZAF,2018,2.302
South Korea,KOR,2018,1.805
S. Sudan,SSD,2018,3.289
Spain,ESP,2018,1.619
Sri Lanka,LKA,2018,1.899
Sudan,SDN,2018,3.038
Sweden,SWE,2018,1.482
Switzerland,CHE,2018,1.397
Syria,SYR,2018,3.381
Taiwan,TWN,2018,1.732
Tajikistan,TJK,2018,2.077
Tanzania,TZA,2018,1.889
Thailand,THA,2018,2.167
The Gambia,GMB,2018,1.995
Timor-Leste,TLS,2018,1.807
Togo,TGO,2018,2.01
Trinidad and Tobago,TTO,2018,2.003
Tunisia,TUN,2018,2.012
Turkey,TUR,2018,2.798
Turkmenistan,TKM,2018,2.214
Uganda,UGA,2018,2.149
Ukraine,UKR,2018,2.874
United Arab Emirates,ARE,2018,1.774
United Kingdom,GBR,2018,1.741
United States of America,USA,2018,2.291
Uruguay,URY,2018,1.713
Uzbekistan,UZB,2018,2.071
Venezuela,VEN,2018,2.574
Vietnam,VNM,2018,1.895
Yemen,YEM,2018,3.106
Zambia,ZMB,2018,1.787
Zimbabwe,ZWE,2018,2.198
Afghanistan,AFG,2019,3.52
Albania,ALB,2019,1.712
Algeria,DZA,2019,2.235
Angola,AGO,2019,1.955
Argentina,ARG,2019,1.978
Armenia,ARM,2019,2.121
Australia,AUS,2019,1.427
Austria,AUT,2019,1.249
Azerbaijan,AZE,2019,2.376
Bahrain,BHR,2019,2.191
Bangladesh,BGD,2019,2.109
Belarus,BLR,2019,2.042
Belgium,BEL,2019,1.526
Benin,BEN,2019,1.911
Bhutan,BTN,2019,1.473
Bolivia,BOL,2019,1.975
Bosnia and Herz.,BIH,2019,1.871
Botswana,BWA,2019,1.791
Brazil,BRA,2019,2.37
Bulgaria,BGR,2019,1.585
Burkina Faso,BFA,2019,2.153
Burundi,BDI,2019,2.476
Cambodia,KHM,2019,1.928
Cameroon,CMR,2019,2.572
Canada,CAN,2019,1.319
Central African Rep.,CAF,2019,3.163
Chad,TCD,2019,2.499
Chile,CHL,2019,1.652
China,CHN,2019,2.047
Colombia,COL,2019,2.686
Costa Rica,CRI,2019,1.728
Côte d'Ivoire,CIV,2019,2.153
Croatia,HRV,2019,1.549
Cuba,CUB,2019,1.988
Cyprus,CYP,2019,1.88
Czechia,CZE,2019,1.335
Dem. Rep. Congo,COD,2019,3.111
Denmark,DNK,2019,1.288
Djibouti,DJI,2019,2.103
Dominican Rep.,DOM,2019,2.019
Ecuador,ECU,2019,1.95
Egypt,EGY,2019,2.398
El Salvador,SLV,2019,2.191
Eq. Guinea,GNQ,2019,1.843
Eritrea,ERI,2019,2.558
Estonia,EST,2019,1.582
eSwatini,SWZ,2019,1.917
Ethiopia,ETH,2019,2.469
Finland,FIN,2019,1.406
France,FRA,2019,1.861
Gabon,GAB,2019,2.069
Georgia,GEO,2019,1.992
Germany,DEU,2019,1.534
Ghana,GHA,2019,1.743
Greece,GRC,2019,1.903
Guatemala,GTM,2019,2.206
Guinea,GIN,2019,2.026
Guinea-Bissau,GNB,2019,2.11
Guyana,GUY,2019,2.088
Haiti,HTI,2019,2.044
Honduras,HND,2019,2.264
Hungary,HUN,2019,1.494
Iceland,ISL,2019,1.094
India,IND,2019,2.611
Indonesia,IDN,2019,1.737
Iran,IRN,2019,2.512
Iraq,IRQ,2019,3.249
Ireland,IRL,2019,1.326
Israel,ISR,2019,2.717
Italy,ITA,2019,1.677
Jamaica,JAM,2019,1.944
Japan,JPN,2019,1.38
Jordan,JOR,2019,1.962
Kazakhstan,KAZ,2019,1.911
Kenya,KEN,2019,2.365
Kosovo,KSV,2019,1.911
Kuwait,KWT,2019,1.748
Kyrgyzstan,KGZ,2019,2.054
Laos,LAO,2019,1.761
Latvia,LVA,2019,1.599
Lebanon,LBN,2019,2.756
Lesotho,LSO,2019,2.144
Liberia,LBR,2019,1.841
Libya,LBY,2019,3.106
Lithuania,LTU,2019,1.65
Madagascar,MDG,2019,1.867
Malawi,MWI,2019,1.787
Malaysia,MYS,2019,1.589
Mali,MLI,2019,2.685
Mauritania,MRT,2019,2.214
Mauritius,MUS,2019,1.554
Mexico,MEX,2019,2.533
Moldova,MDA,2019,1.869
Mongolia,MNG,2019,1.76
Montenegro,MNE,2019,1.811
Morocco,MAR,2019,2.037
Mozambique,MOZ,2019,2.14
Myanmar,MMR,2019,2.347
Namibia,NAM,2019,1.919
Nepal,NPL,2019,1.959
Netherlands,NLD,2019,1.471
New Zealand,NZL,2019,1.285
Nicaragua,NIC,2019,2.293
Niger,NER,2019,2.374
Nigeria,NGA,2019,2.769
North Korea,PRK,2019,2.899
Macedonia,MKD,2019,1.835
Norway,NOR,2019,1.5
Oman,OMN,2019,1.919
Pakistan,PAK,2019,2.891
Palestine,PSE,2019,2.604
Panama,PAN,2019,1.816
Papua New Guinea,PNG,2019,1.958
Paraguay,PRY,2019,2.06
Peru,PER,2019,1.973
Philippines,PHL,2019,2.469
Poland,POL,2019,1.58
Portugal,PRT,2019,1.247
Qatar,QAT,2019,1.617
Republic of the Congo,COG,2019,2.279
Romania,ROU,2019,1.574
Russia,RUS,2019,3.099
Rwanda,RWA,2019,1.974
Saudi Arabia,SAU,2019,2.405
Senegal,SEN,2019,1.872
Serbia,SRB,2019,1.724
Sierra Leone,SLE,2019,1.814
Singapore,SGP,2019,1.348
Slovakia,SVK,2019,1.519
Slovenia,SVN,2019,1.293
Somalia,SOM,2019,3.054
South Africa,ZAF,2019,2.41
South Korea,KOR,2019,1.804
S. Sudan,SSD,2019,3.28
Spain,ESP,2019,1.691
Sri Lanka,LKA,2019,1.943
Sudan,SDN,2019,2.866
Sweden,SWE,2019,1.515
Switzerland,CHE,2019,1.37
Syria,SYR,2019,3.331
Taiwan,TWN,2019,1.697
Tajikistan,TJK,2019,2.168
Tanzania,TZA,2019,1.872
Thailand,THA,2019,2.182
The Gambia,GMB,2019,1.91
Timor-Leste,TLS,2019,1.742
Togo,TGO,2019,2.099
Trinidad and Tobago,TTO,2019,2.059
Tunisia,TUN,2019,1.975
Turkey,TUR,2019,2.886
Turkmenistan,TKM,2019,2.22
Uganda,UGA,2019,2.193
Ukraine,UKR,2019,2.768
United Arab Emirates,ARE,2019,1.797
United Kingdom,GBR,2019,1.681
United States of America,USA,2019,2.361
Uruguay,URY,2019,1.695
Uzbekistan,UZB,2019,2.056
Venezuela,VEN,2019,2.673
Vietnam,VNM,2019,1.895
Yemen,YEM,2019,3.211
Zambia,ZMB,2019,1.768
Zimbabwe,ZWE,2019,2.315
Afghanistan,AFG,2020,3.592
Albania,ALB,2020,1.771
Algeria,DZA,2020,2.234
Angola,AGO,2020,1.989
Argentina,ARG,2020,1.948
Armenia,ARM,2020,1.952
Australia,AUS,2020,1.428
Austria,AUT,2020,1.251
Azerbaijan,AZE,2020,2.144
Bahrain,BHR,2020,2.103
Bangladesh,BGD,2020,2.091
Belarus,BLR,2020,2.042
Belgium,BEL,2020,1.509
Benin,BEN,2020,2.178
Bhutan,BTN,2020,1.489
Bolivia,BOL,2020,2.017
Bosnia and Herz.,BIH,2020,1.899
Botswana,BWA,2020,1.812
Brazil,BRA,2020,2.412
Bulgaria,BGR,2020,1.612
Burkina Faso,BFA,2020,2.241
Burundi,BDI,2020,2.418
Cambodia,KHM,2020,1.889
Cameroon,CMR,2020,2.645
Canada,CAN,2020,1.333
Central African Rep.,CAF,2020,3.072
Chad,TCD,2020,2.549
Chile,CHL,2020,1.828
China,CHN,2020,2.026
Colombia,COL,2020,2.691
Costa Rica,CRI,2020,1.704
Côte d'Ivoire,CIV,2020,2.129
Croatia,HRV,2020,1.529
Cuba,CUB,2020,2.017
Cyprus,CYP,2020,1.877
Czechia,CZE,2020,1.341
Dem. Rep. Congo,COD,2020,3.109
Denmark,DNK,2020,1.306
Djibouti,DJI,2020,2.145
Dominican Rep.,DOM,2020,1.96
Ecuador,ECU,2020,2.041
Egypt,EGY,2020,2.45
El Salvador,SLV,2020,2.177
Eq. Guinea,GNQ,2020,1.775
Eritrea,ERI,2020,2.567
Estonia,EST,2020,1.577
eSwatini,SWZ,2020,1.929
Ethiopia,ETH,2020,2.507
Finland,FIN,2020,1.365
France,FRA,2020,1.916
Gabon,GAB,2020,2.096
Georgia,GEO,2020,1.982
Germany,DEU,2020,1.513
Ghana,GHA,2020,1.796
Greece,GRC,2020,1.856
Guatemala,GTM,2020,2.171
Guinea,GIN,2020,2.032
Guinea-Bissau,GNB,2020,2.084
Guyana,GUY,2020,2.063
Haiti,HTI,2020,2.128
Honduras,HND,2020,2.223
Hungary,HUN,2020,1.534
Iceland,ISL,2020,1.104
India,IND,2020,2.616
Indonesia,IDN,2020,1.814
Iran,IRN,2020,2.705
Iraq,IRQ,2020,3.398
Ireland,IRL,2020,1.357
Israel,ISR,2020,2.753
Italy,ITA,2020,1.639
Jamaica,JAM,2020,1.964
Japan,JPN,2020,1.37
Jordan,JOR,2020,1.964
Kazakhstan,KAZ,2020,1.978
Kenya,KEN,2020,2.395
Kosovo,KSV,2020,1.959
Kuwait,KWT,2020,1.685
Kyrgyzstan,KGZ,2020,2.041
Laos,LAO,2020,1.806
Latvia,LVA,2020,1.617
Lebanon,LBN,2020,2.7
Lesotho,LSO,2020,2.088
Liberia,LBR,2020,1.864
Libya,LBY,2020,3.068
Lithuania,LTU,2020,1.622
Madagascar,MDG,2020,1.905
Malawi,MWI,2020,1.898
Malaysia,MYS,2020,1.545
Mali,MLI,2020,2.7
Mauritania,MRT,2020,2.184
Mauritius,MUS,2020,1.54
Mexico,MEX,2020,2.575
Moldova,MDA,2020,1.848
Mongolia,MNG,2020,1.745
Montenegro,MNE,2020,1.806
Morocco,MAR,2020,2.045
Mozambique,MOZ,2020,2.132
Myanmar,MMR,2020,2.379
Namibia,NAM,2020,1.845
Nepal,NPL,2020,1.948
Netherlands,NLD,2020,1.528
New Zealand,NZL,2020,1.279
Nicaragua,NIC,2020,2.405
Niger,NER,2020,2.558
Nigeria,NGA,2020,2.782
North Korea,PRK,2020,2.977
Macedonia,MKD,2020,1.8
Norway,NOR,2020,1.509
Oman,OMN,2020,1.906
Pakistan,PAK,2020,2.842
Palestine,PSE,2020,2.607
Panama,PAN,2020,1.877
Papua New Guinea,PNG,2020,1.986
Paraguay,PRY,2020,2.017
Peru,PER,2020,2.005
Philippines,PHL,2020,2.424
Poland,POL,2020,1.609
Portugal,PRT,2020,1.244
Qatar,QAT,2020,1.575
Republic of the Congo,COG,2020,2.276
Romania,ROU,2020,1.537
Russia,RUS,2020,3.056
Rwanda,RWA,2020,1.99
Saudi Arabia,SAU,2020,2.388
Senegal,SEN,2020,1.84
Serbia,SRB,2020,1.765
Sierra Leone,SLE,2020,1.855
Singapore,SGP,2020,1.304
Slovakia,SVK,2020,1.541
Slovenia,SVN,2020,1.312
Somalia,SOM,2020,3.128
South Africa,ZAF,2020,2.321
South Korea,KOR,2020,1.764
S. Sudan,SSD,2020,3.287
Spain,ESP,2020,1.673
Sri Lanka,LKA,2020,1.982
Sudan,SDN,2020,2.941
Sweden,SWE,2020,1.508
Switzerland,CHE,2020,1.389
Syria,SYR,2020,3.334
Taiwan,TWN,2020,1.668
Tajikistan,TJK,2020,2.153
Tanzania,TZA,2020,1.854
Thailand,THA,2020,2.19
The Gambia,GMB,2020,1.925
Timor-Leste,TLS,2020,1.8
Togo,TGO,2020,2.084
Trinidad and Tobago,TTO,2020,2.014
Tunisia,TUN,2020,1.975
Turkey,TUR,2020,2.919
Turkmenistan,TKM,2020,2.152
Uganda,UGA,2020,2.222
Ukraine,UKR,2020,2.793
United Arab Emirates,ARE,2020,1.93
United Kingdom,GBR,2020,1.74
United States of America,USA,2020,2.356
Uruguay,URY,2020,1.702
Uzbekistan,UZB,2020,2.049
Venezuela,VEN,2020,2.848
Vietnam,VNM,2020,1.952
Yemen,YEM,2020,3.259
Zambia,ZMB,2020,1.788
Zimbabwe,ZWE,2020,2.302
Afghanistan,AFG,2021,3.6
Albania,ALB,2021,1.769
Algeria,DZA,2021,2.258
Angola,AGO,2021,2.025
Argentina,ARG,2021,1.931
Armenia,ARM,2021,2.016
Australia,AUS,2021,1.485
Austria,AUT,2021,1.318
Azerbaijan,AZE,2021,2.286
Bahrain,BHR,2021,2.075
Bangladesh,BGD,2021,2.077
Belarus,BLR,2021,2.225
Belgium,BEL,2021,1.531
Benin,BEN,2021,2.123
Bhutan,BTN,2021,1.478
Bolivia,BOL,2021,2.038
Bosnia and Herz.,BIH,2021,1.86
Botswana,BWA,2021,1.765
Brazil,BRA,2021,2.454
Bulgaria,BGR,2021,1.562
Burkina Faso,BFA,2021,2.543
Burundi,BDI,2021,2.409
Cambodia,KHM,2021,1.918
Cameroon,CMR,2021,2.737
Canada,CAN,2021,1.325
Central African Rep.,CAF,2021,3.036
Chad,TCD,2021,2.578
Chile,CHL,2021,1.798
China,CHN,2021,2.05
Colombia,COL,2021,2.737
Costa Rica,CRI,2021,1.715
Côte d'Ivoire,CIV,2021,2.137
Croatia,HRV,2021,1.452
Cuba,CUB,2021,2.02
Cyprus,CYP,2021,1.914
Czechia,CZE,2021,1.331
Dem. Rep. Congo,COD,2021,3.161
Denmark,DNK,2021,1.293
Djibouti,DJI,2021,2.099
Dominican Rep.,DOM,2021,1.97
Ecuador,ECU,2021,2.023
Egypt,EGY,2021,2.487
El Salvador,SLV,2021,2.18
Eq. Guinea,GNQ,2021,1.835
Eritrea,ERI,2021,2.551
Estonia,EST,2021,1.563
eSwatini,SWZ,2021,1.893
Ethiopia,ETH,2021,2.627
Finland,FIN,2021,1.406
France,FRA,2021,1.93
Gabon,GAB,2021,1.998
Georgia,GEO,2021,2.016
Germany,DEU,2021,1.494
Ghana,GHA,2021,1.759
Greece,GRC,2021,1.917
Guatemala,GTM,2021,2.163
Guinea,GIN,2021,2.052
Guinea-Bissau,GNB,2021,2.076
Guyana,GUY,2021,2.115
Haiti,HTI,2021,2.073
Honduras,HND,2021,2.33
Hungary,HUN,2021,1.458
Iceland,ISL,2021,1.146
India,IND,2021,2.615
Indonesia,IDN,2021,1.781
Iran,IRN,2021,2.675
Iraq,IRQ,2021,3.231
Ireland,IRL,2021,1.307
Israel,ISR,2021,2.635
Italy,ITA,2021,1.661
Jamaica,JAM,2021,1.969
Japan,JPN,2021,1.355
Jordan,JOR,2021,1.93
Kazakhstan,KAZ,2021,1.918
Kenya,KEN,2021,2.325
Kosovo,KSV,2021,1.976
Kuwait,KWT,2021,1.702
Kyrgyzstan,KGZ,2021,1.919
Laos,LAO,2021,1.782
Latvia,LVA,2021,1.634
Lebanon,LBN,2021,2.719
Lesotho,LSO,2021,2.11
Liberia,LBR,2021,1.961
Libya,LBY,2021,3.101
Lithuania,LTU,2021,1.668
Madagascar,MDG,2021,1.951
Malawi,MWI,2021,1.9
Malaysia,MYS,2021,1.52
Mali,MLI,2021,2.83
Mauritania,MRT,2021,2.237
Mauritius,MUS,2021,1.59
Mexico,MEX,2021,2.626
Moldova,MDA,2021,1.848
Mongolia,MNG,2021,1.758
Montenegro,MNE,2021,1.796
Morocco,MAR,2021,1.996
Mozambique,MOZ,2021,2.15
Myanmar,MMR,2021,2.488
Namibia,NAM,2021,1.883
Nepal,NPL,2021,1.981
Netherlands,NLD,2021,1.525
New Zealand,NZL,2021,1.284
Nicaragua,NIC,2021,2.333
Niger,NER,2021,2.631
Nigeria,NGA,2021,2.733
North Korea,PRK,2021,2.917
Macedonia,MKD,2021,1.687
Norway,NOR,2021,1.483
Oman,OMN,2021,1.902
Pakistan,PAK,2021,2.827
Palestine,PSE,2021,2.52
Panama,PAN,2021,1.885
Papua New Guinea,PNG,2021,2.051
Paraguay,PRY,2021,2.015
Peru,PER,2021,2.018
Philippines,PHL,2021,2.452
Poland,POL,2021,1.513
Portugal,PRT,2021,1.303
Qatar,QAT,2021,1.581
Republic of the Congo,COG,2021,2.239
Romania,ROU,2021,1.56
Russia,RUS,2021,3.038
Rwanda,RWA,2021,1.984
Saudi Arabia,SAU,2021,2.412
Senegal,SEN,2021,1.878
Serbia,SRB,2021,1.785
Sierra Leone,SLE,2021,1.828
Singapore,SGP,2021,1.346
Slovakia,SVK,2021,1.545
Slovenia,SVN,2021,1.295
Somalia,SOM,2021,3.181
South Africa,ZAF,2021,2.331
South Korea,KOR,2021,1.825
S. Sudan,SSD,2021,3.248
Spain,ESP,2021,1.641
Sri Lanka,LKA,2021,2.095
Sudan,SDN,2021,2.908
Sweden,SWE,2021,1.497
Switzerland,CHE,2021,1.384
Syria,SYR,2021,3.296
Taiwan,TWN,2021,1.653
Tajikistan,TJK,2021,2.058
Tanzania,TZA,2021,1.928
Thailand,THA,2021,2.153
The Gambia,GMB,2021,1.847
Timor-Leste,TLS,2021,1.839
Togo,TGO,2021,2.144
Trinidad and Tobago,TTO,2021,2.023
Tunisia,TUN,2021,1.994
Turkey,TUR,2021,2.851
Turkmenistan,TKM,2021,2.144
Uganda,UGA,2021,2.214
Ukraine,UKR,2021,2.558
United Arab Emirates,ARE,2021,1.89
United Kingdom,GBR,2021,1.672
United States of America,USA,2021,2.43
Uruguay,URY,2021,1.763
Uzbekistan,UZB,2021,2.032
Venezuela,VEN,2021,2.878
Vietnam,VNM,2021,1.817
Yemen,YEM,2021,3.342
Zambia,ZMB,2021,1.915
Zimbabwe,ZWE,2021,2.381
Afghanistan,AFG,2022,3.554
Albania,ALB,2022,1.761
Algeria,DZA,2022,2.146
Angola,AGO,2022,1.982
Argentina,ARG,2022,1.911
Armenia,ARM,2022,1.992
Australia,AUS,2022,1.565
Austria,AUT,2022,1.3
Azerbaijan,AZE,2022,2.437
Bahrain,BHR,2022,2.085
Bangladesh,BGD,2022,2.067
Belarus,BLR,2022,2.259
Belgium,BEL,2022,1.526
Benin,BEN,2022,2.125
Bhutan,BTN,2022,1.481
Bolivia,BOL,2022,1.989
Bosnia and Herz.,BIH,2022,1.85
Botswana,BWA,2022,1.801
Brazil,BRA,2022,2.465
Bulgaria,BGR,2022,1.541
Burkina Faso,BFA,2022,2.786
Burundi,BDI,2022,2.47
Cambodia,KHM,2022,1.882
Cameroon,CMR,2022,2.709
Canada,CAN,2022,1.389
Central African Rep.,CAF,2022,3.021
Chad,TCD,2022,2.591
Chile,CHL,2022,1.84
China,CHN,2022,2.01
Colombia,COL,2022,2.729
Costa Rica,CRI,2022,1.732
Côte d'Ivoire,CIV,2022,2.144
Croatia,HRV,2022,1.44
Cuba,CUB,2022,2.083
Cyprus,CYP,2022,1.903
Czechia,CZE,2022,1.318
Dem. Rep. Congo,COD,2022,3.166
Denmark,DNK,2022,1.296
Djibouti,DJI,2022,2.213
Dominican Rep.,DOM,2022,1.99
Ecuador,ECU,2022,1.988
Egypt,EGY,2022,2.342
El Salvador,SLV,2022,2.231
Eq. Guinea,GNQ,2022,1.863
Eritrea,ERI,2022,2.494
Estonia,EST,2022,1.662
eSwatini,SWZ,2022,2.033
Ethiopia,ETH,2022,2.806
Finland,FIN,2022,1.439
France,FRA,2022,1.895
Gabon,GAB,2022,1.973
Georgia,GEO,2022,2.065
Germany,DEU,2022,1.462
Ghana,GHA,2022,1.759
Greece,GRC,2022,1.838
Guatemala,GTM,2022,2.139
Guinea,GIN,2022,2.332
Guinea-Bissau,GNB,2022,2.156
Guyana,GUY,2022,2.14
Haiti,HTI,2022,2.254
Honduras,HND,2022,2.269
Hungary,HUN,2022,1.411
Iceland,ISL,2022,1.107
India,IND,2022,2.578
Indonesia,IDN,2022,1.8
Iran,IRN,2022,2.687
Iraq,IRQ,2022,3.157
Ireland,IRL,2022,1.288
Israel,ISR,2022,2.576
Italy,ITA,2022,1.643
Jamaica,JAM,2022,1.99
Japan,JPN,2022,1.336
Jordan,JOR,2022,1.849
Kazakhstan,KAZ,2022,2.071
Kenya,KEN,2022,2.303
Kosovo,KSV,2022,1.938
Kuwait,KWT,2022,1.739
Kyrgyzstan,KGZ,2022,2.028
Laos,LAO,2022,1.809
Latvia,LVA,2022,1.673
Lebanon,LBN,2022,2.615
Lesotho,LSO,2022,2.089
Liberia,LBR,2022,1.973
Libya,LBY,2022,2.93
Lithuania,LTU,2022,1.724
Madagascar,MDG,2022,1.995
Malawi,MWI,2022,1.895
Malaysia,MYS,2022,1.471
Mali,MLI,2022,2.911
Mauritania,MRT,2022,2.193
Mauritius,MUS,2022,1.57
Mexico,MEX,2022,2.612
Moldova,MDA,2022,1.882
Mongolia,MNG,2022,1.775
Montenegro,MNE,2022,1.801
Morocco,MAR,2022,1.969
Mozambique,MOZ,2022,2.316
Myanmar,MMR,2022,2.631
Namibia,NAM,2022,1.908
Nepal,NPL,2022,1.947
Netherlands,NLD,2022,1.522
New Zealand,NZL,2022,1.269
Nicaragua,NIC,2022,2.334
Niger,NER,2022,2.655
Nigeria,NGA,2022,2.725
North Korea,PRK,2022,2.942
Macedonia,MKD,2022,1.704
Norway,NOR,2022,1.465
Oman,OMN,2022,1.889
Pakistan,PAK,2022,2.789
Palestine,PSE,2022,2.552
Panama,PAN,2022,1.876
Papua New Guinea,PNG,2022,2.046
Paraguay,PRY,2022,1.976
Peru,PER,2022,2.091
Philippines,PHL,2022,2.339
Poland,POL,2022,1.552
Portugal,PRT,2022,1.301
Qatar,QAT,2022,1.533
Republic of the Congo,COG,2022,2.184
Romania,ROU,2022,1.64
Russia,RUS,2022,3.275
Rwanda,RWA,2022,1.945
Saudi Arabia,SAU,2022,2.288
Senegal,SEN,2022,1.916
Serbia,SRB,2022,1.832
Sierra Leone,SLE,2022,1.803
Singapore,SGP,2022,1.326
Slovakia,SVK,2022,1.499
Slovenia,SVN,2022,1.316
Somalia,SOM,2022,3.125
South Africa,ZAF,2022,2.283
South Korea,KOR,2022,1.779
S. Sudan,SSD,2022,3.184
Spain,ESP,2022,1.603
Sri Lanka,LKA,2022,2.02
Sudan,SDN,2022,3.007
Sweden,SWE,2022,1.564
Switzerland,CHE,2022,1.357
Syria,SYR,2022,3.356
Taiwan,TWN,2022,1.618
Tajikistan,TJK,2022,2.031
Tanzania,TZA,2022,2.001
Thailand,THA,2022,2.098
The Gambia,GMB,2022,1.792
Timor-Leste,TLS,2022,1.839
Togo,TGO,2022,2.094
Trinidad and Tobago,TTO,2022,2.005
Tunisia,TUN,2022,1.996
Turkey,TUR,2022,2.785
Turkmenistan,TKM,2022,2.116
Uganda,UGA,2022,2.309
Ukraine,UKR,2022,2.971
United Arab Emirates,ARE,2022,1.865
United Kingdom,GBR,2022,1.667
United States of America,USA,2022,2.44
Uruguay,URY,2022,1.795
Uzbekistan,UZB,2022,2.001
Venezuela,VEN,2022,2.798
Vietnam,VNM,2022,1.786
Yemen,YEM,2022,3.394
Zambia,ZMB,2022,1.841
Zimbabwe,ZWE,2022,2.35
